[
  {
    "ID": 39,
    "Name": "Arthur Montes",
    "Age": 36,
    "Phone": "743-220-9642",
    "Email": "arthurmontes7885@gmail.com",
    "Practice": 11,
    "Role": "Captain"
  },
  {
    "ID": 40,
    "Name": "Lauren Bryan",
    "Age": 38,
    "Phone": "572-184-2454",
    "Email": "laurenbryan3050@gmail.com",
    "Practice": 18,
    "Role": "Captain"
  },
  {
    "ID": 41,
    "Name": "Judy Murphy",
    "Age": 30,
    "Phone": "608-501-5175",
    "Email": "judymurphy3354@gmail.com",
    "Practice": 1,
    "Role": "Captain"
  },
  {
    "ID": 42,
    "Name": "Amanda Kelly",
    "Age": 25,
    "Phone": "436-326-4475",
    "Email": "amandakelly4619@gmail.com",
    "Practice": 10,
    "Role": "Captain"
  },
  {
    "ID": 43,
    "Name": "Brittany Middleton",
    "Age": 55,
    "Phone": "769-774-4312",
    "Email": "brittanymiddleton3065@gmail.com",
    "Practice": 20,
    "Role": "Captain"
  },
  {
    "ID": 44,
    "Name": "Jennifer Stein",
    "Age": 33,
    "Phone": "233-509-3248",
    "Email": "jenniferstein6850@gmail.com",
    "Practice": 20,
    "Role": "Captain"
  },
  {
    "ID": 45,
    "Name": "John Cohen",
    "Age": 53,
    "Phone": "149-784-7518",
    "Email": "johncohen9334@gmail.com",
    "Practice": 14,
    "Role": "Captain"
  },
  {
    "ID": 46,
    "Name": "Julie Reed",
    "Age": 27,
    "Phone": "207-008-8417",
    "Email": "juliereed4570@gmail.com",
    "Practice": 19,
    "Role": "Captain"
  },
  {
    "ID": 47,
    "Name": "Dawn Wood",
    "Age": 50,
    "Phone": "604-681-7606",
    "Email": "dawnwood108@gmail.com",
    "Practice": 16,
    "Role": "Captain"
  },
  {
    "ID": 48,
    "Name": "Alexandria Miller",
    "Age": 32,
    "Phone": "388-741-6881",
    "Email": "alexandriamiller7331@gmail.com",
    "Practice": 1,
    "Role": "Captain"
  },
  {
    "ID": 49,
    "Name": "Teresa Moore",
    "Age": 44,
    "Phone": "453-575-6120",
    "Email": "teresamoore7310@gmail.com",
    "Practice": 7,
    "Role": "Captain"
  },
  {
    "ID": 50,
    "Name": "Ana Gonzalez",
    "Age": 25,
    "Phone": "917-771-8406",
    "Email": "anagonzalez4798@gmail.com",
    "Practice": 13,
    "Role": "Captain"
  },
  {
    "ID": 51,
    "Name": "Nichole Brown",
    "Age": 58,
    "Phone": "305-239-8598",
    "Email": "nicholebrown8924@gmail.com",
    "Practice": 7,
    "Role": "Captain"
  },
  {
    "ID": 52,
    "Name": "Andrew Robinson",
    "Age": 47,
    "Phone": "192-642-3238",
    "Email": "andrewrobinson4345@gmail.com",
    "Practice": 7,
    "Role": "Captain"
  },
  {
    "ID": 53,
    "Name": "Rachael Cox",
    "Age": 38,
    "Phone": "858-356-1253",
    "Email": "rachaelcox9652@gmail.com",
    "Practice": 1,
    "Role": "Captain"
  },
  {
    "ID": 54,
    "Name": "Richard Wise",
    "Age": 57,
    "Phone": "324-781-6680",
    "Email": "richardwise4092@gmail.com",
    "Practice": 2,
    "Role": "Captain"
  },
  {
    "ID": 55,
    "Name": "Shawn Kelley",
    "Age": 28,
    "Phone": "501-601-5963",
    "Email": "shawnkelley3894@gmail.com",
    "Practice": 5,
    "Role": "Captain"
  },
  {
    "ID": 56,
    "Name": "Sandra Horne",
    "Age": 46,
    "Phone": "464-854-1202",
    "Email": "sandrahorne3399@gmail.com",
    "Practice": 16,
    "Role": "Captain"
  },
  {
    "ID": 57,
    "Name": "Amy Foster",
    "Age": 29,
    "Phone": "951-306-7578",
    "Email": "amyfoster5866@gmail.com",
    "Practice": 8,
    "Role": "Captain"
  },
  {
    "ID": 58,
    "Name": "Emily Hutchinson",
    "Age": 31,
    "Phone": "911-020-6475",
    "Email": "emilyhutchinson8608@gmail.com",
    "Practice": 9,
    "Role": "Captain"
  },
  {
    "ID": 59,
    "Name": "Patrick Kelley",
    "Age": 55,
    "Phone": "678-085-9189",
    "Email": "patrickkelley8891@gmail.com",
    "Practice": 14,
    "Role": "Captain"
  },
  {
    "ID": 60,
    "Name": "Alexa Horton",
    "Age": 29,
    "Phone": "633-061-0005",
    "Email": "alexahorton9407@gmail.com",
    "Practice": 13,
    "Role": "Captain"
  },
  {
    "ID": 61,
    "Name": "Robin Ramos",
    "Age": 46,
    "Phone": "439-596-4955",
    "Email": "robinramos5703@gmail.com",
    "Practice": 17,
    "Role": "Captain"
  },
  {
    "ID": 62,
    "Name": "Lauren Leach",
    "Age": 38,
    "Phone": "527-127-3054",
    "Email": "laurenleach3174@gmail.com",
    "Practice": 5,
    "Role": "Captain"
  },
  {
    "ID": 63,
    "Name": "Seth Klein",
    "Age": 32,
    "Phone": "393-738-5477",
    "Email": "sethklein4545@gmail.com",
    "Practice": 14,
    "Role": "Captain"
  },
  {
    "ID": 64,
    "Name": "Michael Stout",
    "Age": 32,
    "Phone": "924-134-1689",
    "Email": "michaelstout29@gmail.com",
    "Practice": 12,
    "Role": "Captain"
  },
  {
    "ID": 65,
    "Name": "Jonathan Thomas",
    "Age": 60,
    "Phone": "314-097-1926",
    "Email": "jonathanthomas1116@gmail.com",
    "Practice": 5,
    "Role": "Captain"
  },
  {
    "ID": 66,
    "Name": "Amy Castillo",
    "Age": 34,
    "Phone": "585-129-3630",
    "Email": "amycastillo7562@gmail.com",
    "Practice": 7,
    "Role": "Captain"
  },
  {
    "ID": 67,
    "Name": "Joshua Morgan",
    "Age": 55,
    "Phone": "515-390-4918",
    "Email": "joshuamorgan2420@gmail.com",
    "Practice": 16,
    "Role": "Captain"
  },
  {
    "ID": 68,
    "Name": "Kenneth Mejia",
    "Age": 43,
    "Phone": "286-677-6983",
    "Email": "kennethmejia248@gmail.com",
    "Practice": 5,
    "Role": "Captain"
  },
  {
    "ID": 69,
    "Name": "Kelsey Jones",
    "Age": 38,
    "Phone": "439-226-1456",
    "Email": "kelseyjones8694@gmail.com",
    "Practice": 13,
    "Role": "Captain"
  },
  {
    "ID": 70,
    "Name": "Christopher Smith",
    "Age": 53,
    "Phone": "999-777-7989",
    "Email": "christophersmith121@gmail.com",
    "Practice": 4,
    "Role": "Captain"
  },
  {
    "ID": 71,
    "Name": "Ryan Elliott",
    "Age": 44,
    "Phone": "454-666-8690",
    "Email": "ryanelliott2962@gmail.com",
    "Practice": 17,
    "Role": "Captain"
  },
  {
    "ID": 72,
    "Name": "Adam Jones",
    "Age": 53,
    "Phone": "826-561-6831",
    "Email": "adamjones6323@gmail.com",
    "Practice": 18,
    "Role": "Captain"
  },
  {
    "ID": 73,
    "Name": "Gina Ali",
    "Age": 42,
    "Phone": "887-506-0952",
    "Email": "ginaali628@gmail.com",
    "Practice": 15,
    "Role": "Captain"
  },
  {
    "ID": 74,
    "Name": "Jeffrey Olsen",
    "Age": 34,
    "Phone": "303-413-3630",
    "Email": "jeffreyolsen3010@gmail.com",
    "Practice": 11,
    "Role": "Captain"
  },
  {
    "ID": 75,
    "Name": "Jennifer Miller",
    "Age": 52,
    "Phone": "234-498-5529",
    "Email": "jennifermiller3676@gmail.com",
    "Practice": 4,
    "Role": "Captain"
  },
  {
    "ID": 76,
    "Name": "Tara Wilson",
    "Age": 34,
    "Phone": "611-285-6350",
    "Email": "tarawilson7470@gmail.com",
    "Practice": 12,
    "Role": "Captain"
  },
  {
    "ID": 77,
    "Name": "Christine Johnson",
    "Age": 51,
    "Phone": "915-299-1323",
    "Email": "christinejohnson5198@gmail.com",
    "Practice": 7,
    "Role": "Captain"
  },
  {
    "ID": 78,
    "Name": "Jacqueline Frazier",
    "Age": 53,
    "Phone": "152-520-0274",
    "Email": "jacquelinefrazier4522@gmail.com",
    "Practice": 18,
    "Role": "Captain"
  },
  {
    "ID": 79,
    "Name": "Angela Taylor",
    "Age": 26,
    "Phone": "274-638-1947",
    "Email": "angelataylor6579@gmail.com",
    "Practice": 1,
    "Role": "Attendant"
  },
  {
    "ID": 80,
    "Name": "Robert Roberts",
    "Age": 25,
    "Phone": "788-375-2776",
    "Email": "robertroberts2346@gmail.com",
    "Practice": 1,
    "Role": "Attendant"
  },
  {
    "ID": 81,
    "Name": "Ryan Miller",
    "Age": 30,
    "Phone": "298-429-7359",
    "Email": "ryanmiller1075@gmail.com",
    "Practice": 5,
    "Role": "Attendant"
  },
  {
    "ID": 82,
    "Name": "Jonathan Walker",
    "Age": 20,
    "Phone": "234-172-1019",
    "Email": "jonathanwalker9260@gmail.com",
    "Practice": 2,
    "Role": "Attendant"
  },
  {
    "ID": 83,
    "Name": "Joshua Dominguez",
    "Age": 23,
    "Phone": "881-081-4470",
    "Email": "joshuadominguez4781@gmail.com",
    "Practice": 1,
    "Role": "Attendant"
  },
  {
    "ID": 84,
    "Name": "Karen Bridges",
    "Age": 21,
    "Phone": "713-480-0838",
    "Email": "karenbridges2826@gmail.com",
    "Practice": 5,
    "Role": "Attendant"
  },
  {
    "ID": 85,
    "Name": "Mike French",
    "Age": 27,
    "Phone": "445-439-2758",
    "Email": "mikefrench598@gmail.com",
    "Practice": 5,
    "Role": "Attendant"
  },
  {
    "ID": 86,
    "Name": "Joseph Hodges",
    "Age": 40,
    "Phone": "439-140-0554",
    "Email": "josephhodges9285@gmail.com",
    "Practice": 4,
    "Role": "Attendant"
  },
  {
    "ID": 87,
    "Name": "Jessica Valencia",
    "Age": 32,
    "Phone": "460-132-5593",
    "Email": "jessicavalencia4965@gmail.com",
    "Practice": 3,
    "Role": "Attendant"
  },
  {
    "ID": 88,
    "Name": "Shawn Phillips",
    "Age": 25,
    "Phone": "420-155-4845",
    "Email": "shawnphillips3895@gmail.com",
    "Practice": 2,
    "Role": "Attendant"
  },
  {
    "ID": 89,
    "Name": "Ashley Williams",
    "Age": 32,
    "Phone": "345-635-1965",
    "Email": "ashleywilliams9598@gmail.com",
    "Practice": 3,
    "Role": "Attendant"
  },
  {
    "ID": 90,
    "Name": "Ricardo Diaz",
    "Age": 30,
    "Phone": "309-888-0283",
    "Email": "ricardodiaz2244@gmail.com",
    "Practice": 3,
    "Role": "Attendant"
  },
  {
    "ID": 91,
    "Name": "Nicholas Pratt",
    "Age": 37,
    "Phone": "712-007-4226",
    "Email": "nicholaspratt5796@gmail.com",
    "Practice": 4,
    "Role": "Attendant"
  },
  {
    "ID": 92,
    "Name": "Brian Johnson",
    "Age": 40,
    "Phone": "184-582-7996",
    "Email": "brianjohnson5332@gmail.com",
    "Practice": 3,
    "Role": "Attendant"
  },
  {
    "ID": 93,
    "Name": "Alexander Stanton",
    "Age": 25,
    "Phone": "810-438-1430",
    "Email": "alexanderstanton9664@gmail.com",
    "Practice": 2,
    "Role": "Attendant"
  },
  {
    "ID": 94,
    "Name": "Stephen Leonard",
    "Age": 34,
    "Phone": "262-114-0848",
    "Email": "stephenleonard9622@gmail.com",
    "Practice": 5,
    "Role": "Attendant"
  },
  {
    "ID": 95,
    "Name": "Stephanie Jackson",
    "Age": 33,
    "Phone": "109-847-9203",
    "Email": "stephaniejackson7768@gmail.com",
    "Practice": 5,
    "Role": "Attendant"
  },
  {
    "ID": 96,
    "Name": "Derek Mathis",
    "Age": 38,
    "Phone": "841-013-7481",
    "Email": "derekmathis9361@gmail.com",
    "Practice": 2,
    "Role": "Attendant"
  },
  {
    "ID": 97,
    "Name": "John Banks",
    "Age": 27,
    "Phone": "170-814-3399",
    "Email": "johnbanks1068@gmail.com",
    "Practice": 2,
    "Role": "Attendant"
  },
  {
    "ID": 98,
    "Name": "Danielle Li",
    "Age": 32,
    "Phone": "711-540-5479",
    "Email": "danielleli6324@gmail.com",
    "Practice": 3,
    "Role": "Attendant"
  },
  {
    "ID": 99,
    "Name": "Karen Barnes",
    "Age": 35,
    "Phone": "341-639-3726",
    "Email": "karenbarnes9130@gmail.com",
    "Practice": 4,
    "Role": "Attendant"
  },
  {
    "ID": 100,
    "Name": "Christine Moore",
    "Age": 33,
    "Phone": "193-597-0400",
    "Email": "christinemoore2163@gmail.com",
    "Practice": 4,
    "Role": "Attendant"
  },
  {
    "ID": 101,
    "Name": "Danielle Richards",
    "Age": 26,
    "Phone": "353-515-6760",
    "Email": "daniellerichards7737@gmail.com",
    "Practice": 5,
    "Role": "Attendant"
  },
  {
    "ID": 102,
    "Name": "Scott Alvarez",
    "Age": 40,
    "Phone": "615-473-6079",
    "Email": "scottalvarez8287@gmail.com",
    "Practice": 3,
    "Role": "Attendant"
  },
  {
    "ID": 103,
    "Name": "James Hammond",
    "Age": 34,
    "Phone": "557-797-2303",
    "Email": "jameshammond351@gmail.com",
    "Practice": 2,
    "Role": "Attendant"
  },
  {
    "ID": 104,
    "Name": "Stephanie Valenzuela",
    "Age": 34,
    "Phone": "560-730-5357",
    "Email": "stephanievalenzuela6832@gmail.com",
    "Practice": 1,
    "Role": "Attendant"
  },
  {
    "ID": 105,
    "Name": "Shari Myers",
    "Age": 23,
    "Phone": "355-048-9205",
    "Email": "sharimyers752@gmail.com",
    "Practice": 5,
    "Role": "Attendant"
  },
  {
    "ID": 106,
    "Name": "Joshua Wright",
    "Age": 27,
    "Phone": "638-360-7437",
    "Email": "joshuawright7186@gmail.com",
    "Practice": 1,
    "Role": "Attendant"
  },
  {
    "ID": 107,
    "Name": "Cynthia Peterson",
    "Age": 38,
    "Phone": "329-015-2127",
    "Email": "cynthiapeterson7723@gmail.com",
    "Practice": 3,
    "Role": "Attendant"
  },
  {
    "ID": 108,
    "Name": "Gina Carroll",
    "Age": 28,
    "Phone": "961-366-4900",
    "Email": "ginacarroll169@gmail.com",
    "Practice": 1,
    "Role": "Attendant"
  },
  {
    "ID": 109,
    "Name": "Katherine Chavez",
    "Age": 31,
    "Phone": "654-056-1251",
    "Email": "katherinechavez7227@gmail.com",
    "Practice": 5,
    "Role": "Attendant"
  },
  {
    "ID": 110,
    "Name": "Laura Guzman",
    "Age": 32,
    "Phone": "194-262-6464",
    "Email": "lauraguzman689@gmail.com",
    "Practice": 4,
    "Role": "Attendant"
  },
  {
    "ID": 111,
    "Name": "Carolyn Armstrong",
    "Age": 35,
    "Phone": "911-671-8904",
    "Email": "carolynarmstrong3394@gmail.com",
    "Practice": 3,
    "Role": "Attendant"
  },
  {
    "ID": 112,
    "Name": "James Robertson",
    "Age": 24,
    "Phone": "432-154-5129",
    "Email": "jamesrobertson4976@gmail.com",
    "Practice": 5,
    "Role": "Attendant"
  },
  {
    "ID": 113,
    "Name": "Valerie Hernandez",
    "Age": 23,
    "Phone": "617-601-9566",
    "Email": "valeriehernandez3718@gmail.com",
    "Practice": 4,
    "Role": "Attendant"
  },
  {
    "ID": 114,
    "Name": "Regina Miller",
    "Age": 23,
    "Phone": "771-658-2591",
    "Email": "reginamiller2138@gmail.com",
    "Practice": 2,
    "Role": "Attendant"
  },
  {
    "ID": 115,
    "Name": "Philip Bell",
    "Age": 24,
    "Phone": "463-722-9752",
    "Email": "philipbell3773@gmail.com",
    "Practice": 5,
    "Role": "Attendant"
  },
  {
    "ID": 116,
    "Name": "Sherry Jenkins",
    "Age": 36,
    "Phone": "126-884-8450",
    "Email": "sherryjenkins6612@gmail.com",
    "Practice": 5,
    "Role": "Attendant"
  },
  {
    "ID": 117,
    "Name": "Brandon Herrera",
    "Age": 26,
    "Phone": "137-540-6412",
    "Email": "brandonherrera6562@gmail.com",
    "Practice": 2,
    "Role": "Attendant"
  },
  {
    "ID": 118,
    "Name": "Leon Hall",
    "Age": 36,
    "Phone": "382-016-9088",
    "Email": "leonhall7404@gmail.com",
    "Practice": 4,
    "Role": "Attendant"
  },
  {
    "ID": 119,
    "Name": "Jared Long",
    "Age": 34,
    "Phone": "542-734-7380",
    "Email": "jaredlong4828@gmail.com",
    "Practice": 2,
    "Role": "Attendant"
  },
  {
    "ID": 120,
    "Name": "Micheal Carter",
    "Age": 34,
    "Phone": "386-206-3177",
    "Email": "michealcarter1833@gmail.com",
    "Practice": 4,
    "Role": "Attendant"
  },
  {
    "ID": 121,
    "Name": "Andrew Thomas",
    "Age": 25,
    "Phone": "575-487-0475",
    "Email": "andrewthomas2070@gmail.com",
    "Practice": 3,
    "Role": "Attendant"
  },
  {
    "ID": 122,
    "Name": "Lauren Preston",
    "Age": 30,
    "Phone": "499-280-0374",
    "Email": "laurenpreston1321@gmail.com",
    "Practice": 1,
    "Role": "Attendant"
  },
  {
    "ID": 123,
    "Name": "Ryan Thomas",
    "Age": 24,
    "Phone": "903-778-0526",
    "Email": "ryanthomas8598@gmail.com",
    "Practice": 4,
    "Role": "Attendant"
  },
  {
    "ID": 124,
    "Name": "Michael Roberts",
    "Age": 32,
    "Phone": "629-733-6164",
    "Email": "michaelroberts1878@gmail.com",
    "Practice": 4,
    "Role": "Attendant"
  },
  {
    "ID": 125,
    "Name": "Kathryn Barrera",
    "Age": 24,
    "Phone": "192-273-4437",
    "Email": "kathrynbarrera3185@gmail.com",
    "Practice": 5,
    "Role": "Attendant"
  },
  {
    "ID": 126,
    "Name": "Laura Chase",
    "Age": 34,
    "Phone": "358-367-8430",
    "Email": "laurachase4591@gmail.com",
    "Practice": 4,
    "Role": "Attendant"
  },
  {
    "ID": 127,
    "Name": "Sarah Gibson",
    "Age": 20,
    "Phone": "898-187-5805",
    "Email": "sarahgibson2084@gmail.com",
    "Practice": 1,
    "Role": "Attendant"
  },
  {
    "ID": 128,
    "Name": "Aaron Todd",
    "Age": 40,
    "Phone": "948-328-8042",
    "Email": "aarontodd2480@gmail.com",
    "Practice": 3,
    "Role": "Attendant"
  },
  {
    "ID": 129,
    "Name": "Elizabeth Carlson",
    "Age": 34,
    "Phone": "185-442-3691",
    "Email": "elizabethcarlson1008@gmail.com",
    "Practice": 5,
    "Role": "Attendant"
  },
  {
    "ID": 130,
    "Name": "Isaac Bridges",
    "Age": 32,
    "Phone": "122-198-4379",
    "Email": "isaacbridges1590@gmail.com",
    "Practice": 2,
    "Role": "Attendant"
  },
  {
    "ID": 131,
    "Name": "Makayla Villanueva",
    "Age": 21,
    "Phone": "442-521-4222",
    "Email": "makaylavillanueva2283@gmail.com",
    "Practice": 4,
    "Role": "Attendant"
  },
  {
    "ID": 132,
    "Name": "James Rhodes",
    "Age": 38,
    "Phone": "541-481-6065",
    "Email": "jamesrhodes5509@gmail.com",
    "Practice": 3,
    "Role": "Attendant"
  },
  {
    "ID": 133,
    "Name": "Adrienne Martinez",
    "Age": 31,
    "Phone": "869-624-1099",
    "Email": "adriennemartinez3516@gmail.com",
    "Practice": 3,
    "Role": "Attendant"
  },
  {
    "ID": 134,
    "Name": "Austin Rasmussen",
    "Age": 25,
    "Phone": "387-252-0451",
    "Email": "austinrasmussen8980@gmail.com",
    "Practice": 2,
    "Role": "Attendant"
  },
  {
    "ID": 135,
    "Name": "Samantha Cross",
    "Age": 20,
    "Phone": "195-405-3083",
    "Email": "samanthacross3129@gmail.com",
    "Practice": 1,
    "Role": "Attendant"
  },
  {
    "ID": 136,
    "Name": "Kevin Macdonald",
    "Age": 32,
    "Phone": "217-274-2242",
    "Email": "kevinmacdonald3786@gmail.com",
    "Practice": 4,
    "Role": "Attendant"
  },
  {
    "ID": 137,
    "Name": "Jodi Campbell",
    "Age": 34,
    "Phone": "300-038-0432",
    "Email": "jodicampbell8755@gmail.com",
    "Practice": 4,
    "Role": "Attendant"
  },
  {
    "ID": 138,
    "Name": "Sarah Hamilton",
    "Age": 36,
    "Phone": "774-679-2603",
    "Email": "sarahhamilton5678@gmail.com",
    "Practice": 5,
    "Role": "Attendant"
  },
  {
    "ID": 139,
    "Name": "Paul Rodriguez",
    "Age": 37,
    "Phone": "970-814-1378",
    "Email": "paulrodriguez7686@gmail.com",
    "Practice": 2,
    "Role": "Attendant"
  },
  {
    "ID": 140,
    "Name": "Jennifer Cox",
    "Age": 36,
    "Phone": "828-228-2724",
    "Email": "jennifercox3300@gmail.com",
    "Practice": 2,
    "Role": "Attendant"
  },
  {
    "ID": 141,
    "Name": "Michelle Ramsey",
    "Age": 35,
    "Phone": "912-086-8315",
    "Email": "michelleramsey460@gmail.com",
    "Practice": 4,
    "Role": "Attendant"
  },
  {
    "ID": 142,
    "Name": "Janice Young",
    "Age": 31,
    "Phone": "954-518-8919",
    "Email": "janiceyoung1923@gmail.com",
    "Practice": 3,
    "Role": "Attendant"
  },
  {
    "ID": 143,
    "Name": "Kristi Garcia",
    "Age": 33,
    "Phone": "640-259-6239",
    "Email": "kristigarcia8663@gmail.com",
    "Practice": 3,
    "Role": "Attendant"
  },
  {
    "ID": 144,
    "Name": "Paul Miller",
    "Age": 27,
    "Phone": "614-203-0297",
    "Email": "paulmiller1295@gmail.com",
    "Practice": 3,
    "Role": "Attendant"
  },
  {
    "ID": 145,
    "Name": "Kathleen Ortiz",
    "Age": 20,
    "Phone": "146-497-1084",
    "Email": "kathleenortiz7121@gmail.com",
    "Practice": 2,
    "Role": "Attendant"
  },
  {
    "ID": 146,
    "Name": "John Webb",
    "Age": 30,
    "Phone": "384-285-1607",
    "Email": "johnwebb8483@gmail.com",
    "Practice": 1,
    "Role": "Attendant"
  },
  {
    "ID": 147,
    "Name": "Bailey Barber",
    "Age": 25,
    "Phone": "368-545-9076",
    "Email": "baileybarber888@gmail.com",
    "Practice": 1,
    "Role": "Attendant"
  },
  {
    "ID": 148,
    "Name": "Chad Lee",
    "Age": 30,
    "Phone": "236-702-8671",
    "Email": "chadlee7580@gmail.com",
    "Practice": 2,
    "Role": "Attendant"
  },
  {
    "ID": 149,
    "Name": "Alyssa Rivera",
    "Age": 37,
    "Phone": "877-849-7451",
    "Email": "alyssarivera8379@gmail.com",
    "Practice": 5,
    "Role": "Attendant"
  },
  {
    "ID": 150,
    "Name": "Jennifer Owens",
    "Age": 20,
    "Phone": "300-154-0848",
    "Email": "jenniferowens5398@gmail.com",
    "Practice": 2,
    "Role": "Attendant"
  },
  {
    "ID": 151,
    "Name": "Kelli Dennis",
    "Age": 25,
    "Phone": "121-658-0180",
    "Email": "kellidennis3733@gmail.com",
    "Practice": 1,
    "Role": "Attendant"
  },
  {
    "ID": 152,
    "Name": "Kelsey Chambers",
    "Age": 22,
    "Phone": "544-572-0638",
    "Email": "kelseychambers3645@gmail.com",
    "Practice": 3,
    "Role": "Attendant"
  },
  {
    "ID": 153,
    "Name": "Tina Grimes",
    "Age": 38,
    "Phone": "705-435-2097",
    "Email": "tinagrimes2176@gmail.com",
    "Practice": 2,
    "Role": "Attendant"
  },
  {
    "ID": 154,
    "Name": "Aaron Beasley",
    "Age": 40,
    "Phone": "906-465-6730",
    "Email": "aaronbeasley2512@gmail.com",
    "Practice": 4,
    "Role": "Attendant"
  },
  {
    "ID": 155,
    "Name": "Eugene Sanchez",
    "Age": 22,
    "Phone": "934-579-8903",
    "Email": "eugenesanchez9522@gmail.com",
    "Practice": 4,
    "Role": "Attendant"
  },
  {
    "ID": 156,
    "Name": "Rebecca Taylor",
    "Age": 30,
    "Phone": "306-563-6137",
    "Email": "rebeccataylor6473@gmail.com",
    "Practice": 2,
    "Role": "Attendant"
  },
  {
    "ID": 157,
    "Name": "Brian Stephens",
    "Age": 30,
    "Phone": "158-552-8728",
    "Email": "brianstephens694@gmail.com",
    "Practice": 4,
    "Role": "Attendant"
  },
  {
    "ID": 158,
    "Name": "Joshua Rangel",
    "Age": 28,
    "Phone": "827-133-0838",
    "Email": "joshuarangel5240@gmail.com",
    "Practice": 3,
    "Role": "Attendant"
  },
  {
    "ID": 159,
    "Name": "Krista Sullivan",
    "Age": 39,
    "Phone": "369-338-8852",
    "Email": "kristasullivan5816@gmail.com",
    "Practice": 2,
    "Role": "Attendant"
  },
  {
    "ID": 160,
    "Name": "Sarah Bentley",
    "Age": 24,
    "Phone": "568-837-0485",
    "Email": "sarahbentley5955@gmail.com",
    "Practice": 5,
    "Role": "Attendant"
  },
  {
    "ID": 161,
    "Name": "Sarah Myers",
    "Age": 33,
    "Phone": "690-354-3647",
    "Email": "sarahmyers6654@gmail.com",
    "Practice": 4,
    "Role": "Attendant"
  },
  {
    "ID": 162,
    "Name": "David Ewing",
    "Age": 36,
    "Phone": "151-522-6358",
    "Email": "davidewing3483@gmail.com",
    "Practice": 3,
    "Role": "Attendant"
  },
  {
    "ID": 163,
    "Name": "John Johnson",
    "Age": 30,
    "Phone": "995-001-7129",
    "Email": "johnjohnson2797@gmail.com",
    "Practice": 5,
    "Role": "Attendant"
  },
  {
    "ID": 164,
    "Name": "Jason Castro",
    "Age": 29,
    "Phone": "869-101-9806",
    "Email": "jasoncastro2286@gmail.com",
    "Practice": 3,
    "Role": "Attendant"
  },
  {
    "ID": 165,
    "Name": "Thomas Carpenter",
    "Age": 25,
    "Phone": "215-285-0957",
    "Email": "thomascarpenter143@gmail.com",
    "Practice": 2,
    "Role": "Attendant"
  },
  {
    "ID": 166,
    "Name": "Wesley Mills",
    "Age": 36,
    "Phone": "326-002-4263",
    "Email": "wesleymills6760@gmail.com",
    "Practice": 4,
    "Role": "Attendant"
  },
  {
    "ID": 167,
    "Name": "Erica Delacruz",
    "Age": 25,
    "Phone": "723-306-6067",
    "Email": "ericadelacruz468@gmail.com",
    "Practice": 1,
    "Role": "Attendant"
  },
  {
    "ID": 168,
    "Name": "Edward Webb",
    "Age": 21,
    "Phone": "681-413-6437",
    "Email": "edwardwebb7710@gmail.com",
    "Practice": 2,
    "Role": "Attendant"
  },
  {
    "ID": 169,
    "Name": "Nancy Phillips",
    "Age": 30,
    "Phone": "254-161-7598",
    "Email": "nancyphillips7258@gmail.com",
    "Practice": 2,
    "Role": "Attendant"
  },
  {
    "ID": 170,
    "Name": "Maureen Weaver",
    "Age": 33,
    "Phone": "723-289-0857",
    "Email": "maureenweaver2508@gmail.com",
    "Practice": 1,
    "Role": "Attendant"
  },
  {
    "ID": 171,
    "Name": "Donna Ross",
    "Age": 37,
    "Phone": "357-660-7426",
    "Email": "donnaross234@gmail.com",
    "Practice": 4,
    "Role": "Attendant"
  },
  {
    "ID": 172,
    "Name": "Ricky Sweeney",
    "Age": 31,
    "Phone": "125-619-4031",
    "Email": "rickysweeney5975@gmail.com",
    "Practice": 3,
    "Role": "Attendant"
  },
  {
    "ID": 173,
    "Name": "Jessica Mason",
    "Age": 31,
    "Phone": "954-082-9064",
    "Email": "jessicamason3639@gmail.com",
    "Practice": 5,
    "Role": "Attendant"
  },
  {
    "ID": 174,
    "Name": "Alec Rocha",
    "Age": 25,
    "Phone": "663-762-5623",
    "Email": "alecrocha174@gmail.com",
    "Practice": 1,
    "Role": "Attendant"
  },
  {
    "ID": 175,
    "Name": "David Johnson",
    "Age": 28,
    "Phone": "847-367-0790",
    "Email": "davidjohnson3810@gmail.com",
    "Practice": 3,
    "Role": "Attendant"
  },
  {
    "ID": 176,
    "Name": "Justin Holder",
    "Age": 20,
    "Phone": "969-252-8563",
    "Email": "justinholder8261@gmail.com",
    "Practice": 3,
    "Role": "Attendant"
  },
  {
    "ID": 177,
    "Name": "Nicole Casey",
    "Age": 39,
    "Phone": "893-033-8466",
    "Email": "nicolecasey4645@gmail.com",
    "Practice": 4,
    "Role": "Attendant"
  },
  {
    "ID": 178,
    "Name": "Megan Williams",
    "Age": 37,
    "Phone": "876-101-3090",
    "Email": "meganwilliams5586@gmail.com",
    "Practice": 5,
    "Role": "Attendant"
  },
  {
    "ID": 179,
    "Name": "Melinda Montoya",
    "Age": 20,
    "Phone": "935-031-5685",
    "Email": "melindamontoya326@gmail.com",
    "Practice": 4,
    "Role": "Attendant"
  },
  {
    "ID": 180,
    "Name": "Katherine Melton",
    "Age": 39,
    "Phone": "760-279-0384",
    "Email": "katherinemelton4206@gmail.com",
    "Practice": 5,
    "Role": "Attendant"
  },
  {
    "ID": 181,
    "Name": "Samantha Jones",
    "Age": 31,
    "Phone": "402-299-0202",
    "Email": "samanthajones3264@gmail.com",
    "Practice": 5,
    "Role": "Attendant"
  },
  {
    "ID": 182,
    "Name": "Adam Bradley",
    "Age": 33,
    "Phone": "281-299-9120",
    "Email": "adambradley577@gmail.com",
    "Practice": 3,
    "Role": "Attendant"
  },
  {
    "ID": 183,
    "Name": "Becky Herrera",
    "Age": 31,
    "Phone": "129-070-6493",
    "Email": "beckyherrera4947@gmail.com",
    "Practice": 5,
    "Role": "Attendant"
  },
  {
    "ID": 184,
    "Name": "Shannon Randolph",
    "Age": 28,
    "Phone": "128-485-8401",
    "Email": "shannonrandolph2821@gmail.com",
    "Practice": 1,
    "Role": "Attendant"
  },
  {
    "ID": 185,
    "Name": "Lisa Nguyen",
    "Age": 25,
    "Phone": "927-622-8131",
    "Email": "lisanguyen8628@gmail.com",
    "Practice": 5,
    "Role": "Attendant"
  },
  {
    "ID": 186,
    "Name": "Harold Thompson",
    "Age": 27,
    "Phone": "354-553-1166",
    "Email": "haroldthompson9451@gmail.com",
    "Practice": 3,
    "Role": "Attendant"
  },
  {
    "ID": 187,
    "Name": "Amy Mcdonald",
    "Age": 30,
    "Phone": "200-763-2035",
    "Email": "amymcdonald8389@gmail.com",
    "Practice": 5,
    "Role": "Attendant"
  },
  {
    "ID": 188,
    "Name": "Rachel Griffith",
    "Age": 27,
    "Phone": "297-477-0648",
    "Email": "rachelgriffith7760@gmail.com",
    "Practice": 1,
    "Role": "Attendant"
  },
  {
    "ID": 189,
    "Name": "Joseph White",
    "Age": 38,
    "Phone": "843-252-5388",
    "Email": "josephwhite510@gmail.com",
    "Practice": 5,
    "Role": "Attendant"
  },
  {
    "ID": 190,
    "Name": "Brittany Brown",
    "Age": 30,
    "Phone": "670-867-9531",
    "Email": "brittanybrown2781@gmail.com",
    "Practice": 1,
    "Role": "Attendant"
  },
  {
    "ID": 191,
    "Name": "Michael Green",
    "Age": 22,
    "Phone": "833-236-1445",
    "Email": "michaelgreen3212@gmail.com",
    "Practice": 2,
    "Role": "Attendant"
  },
  {
    "ID": 192,
    "Name": "Miranda Gonzalez",
    "Age": 31,
    "Phone": "447-856-0880",
    "Email": "mirandagonzalez6487@gmail.com",
    "Practice": 1,
    "Role": "Attendant"
  },
  {
    "ID": 193,
    "Name": "Kevin Barrera",
    "Age": 39,
    "Phone": "371-538-6402",
    "Email": "kevinbarrera4265@gmail.com",
    "Practice": 1,
    "Role": "Attendant"
  },
  {
    "ID": 194,
    "Name": "John Allen",
    "Age": 20,
    "Phone": "614-801-4831",
    "Email": "johnallen4482@gmail.com",
    "Practice": 5,
    "Role": "Attendant"
  },
  {
    "ID": 195,
    "Name": "David Walker",
    "Age": 20,
    "Phone": "250-601-7587",
    "Email": "davidwalker9676@gmail.com",
    "Practice": 2,
    "Role": "Attendant"
  },
  {
    "ID": 196,
    "Name": "Michele Ramirez",
    "Age": 27,
    "Phone": "403-825-4437",
    "Email": "micheleramirez1579@gmail.com",
    "Practice": 2,
    "Role": "Attendant"
  },
  {
    "ID": 197,
    "Name": "Andrea Dixon",
    "Age": 36,
    "Phone": "142-756-5379",
    "Email": "andreadixon7105@gmail.com",
    "Practice": 4,
    "Role": "Attendant"
  },
  {
    "ID": 198,
    "Name": "Frank Morales",
    "Age": 28,
    "Phone": "928-887-6878",
    "Email": "frankmorales5514@gmail.com",
    "Practice": 3,
    "Role": "Attendant"
  },
  {
    "ID": 199,
    "Name": "Kimberly Tucker",
    "Age": 38,
    "Phone": "674-318-9217",
    "Email": "kimberlytucker6681@gmail.com",
    "Practice": 3,
    "Role": "Attendant"
  },
  {
    "ID": 200,
    "Name": "Michael Lamb",
    "Age": 34,
    "Phone": "652-056-2734",
    "Email": "michaellamb3338@gmail.com",
    "Practice": 4,
    "Role": "Attendant"
  },
  {
    "ID": 201,
    "Name": "Mary Williams",
    "Age": 30,
    "Phone": "564-360-5360",
    "Email": "marywilliams9367@gmail.com",
    "Practice": 5,
    "Role": "Attendant"
  },
  {
    "ID": 202,
    "Name": "Danielle Ramirez",
    "Age": 28,
    "Phone": "981-487-2028",
    "Email": "danielleramirez8727@gmail.com",
    "Practice": 1,
    "Role": "Attendant"
  },
  {
    "ID": 203,
    "Name": "Thomas Bray",
    "Age": 36,
    "Phone": "896-879-4440",
    "Email": "thomasbray3466@gmail.com",
    "Practice": 4,
    "Role": "Attendant"
  },
  {
    "ID": 204,
    "Name": "Sarah Moore",
    "Age": 39,
    "Phone": "987-073-2127",
    "Email": "sarahmoore50@gmail.com",
    "Practice": 1,
    "Role": "Attendant"
  },
  {
    "ID": 205,
    "Name": "Paul Morales",
    "Age": 23,
    "Phone": "751-021-7401",
    "Email": "paulmorales9583@gmail.com",
    "Practice": 3,
    "Role": "Attendant"
  },
  {
    "ID": 206,
    "Name": "Julie Dunn",
    "Age": 40,
    "Phone": "202-755-5253",
    "Email": "juliedunn154@gmail.com",
    "Practice": 4,
    "Role": "Attendant"
  },
  {
    "ID": 207,
    "Name": "Maria Bowman",
    "Age": 34,
    "Phone": "934-131-4572",
    "Email": "mariabowman1907@gmail.com",
    "Practice": 4,
    "Role": "Attendant"
  },
  {
    "ID": 208,
    "Name": "Nicholas Diaz",
    "Age": 31,
    "Phone": "892-438-3660",
    "Email": "nicholasdiaz6793@gmail.com",
    "Practice": 1,
    "Role": "Attendant"
  },
  {
    "ID": 209,
    "Name": "Kerry Norman",
    "Age": 29,
    "Phone": "311-029-1691",
    "Email": "kerrynorman5588@gmail.com",
    "Practice": 2,
    "Role": "Attendant"
  },
  {
    "ID": 210,
    "Name": "Carla Russo",
    "Age": 29,
    "Phone": "878-438-7868",
    "Email": "carlarusso1182@gmail.com",
    "Practice": 4,
    "Role": "Attendant"
  },
  {
    "ID": 211,
    "Name": "Kelly Jones",
    "Age": 32,
    "Phone": "585-489-8820",
    "Email": "kellyjones3369@gmail.com",
    "Practice": 2,
    "Role": "Attendant"
  },
  {
    "ID": 212,
    "Name": "Alyssa Gonzalez",
    "Age": 21,
    "Phone": "925-565-7618",
    "Email": "alyssagonzalez1122@gmail.com",
    "Practice": 4,
    "Role": "Attendant"
  },
  {
    "ID": 213,
    "Name": "Charles Murphy",
    "Age": 33,
    "Phone": "257-825-4922",
    "Email": "charlesmurphy3038@gmail.com",
    "Practice": 4,
    "Role": "Attendant"
  },
  {
    "ID": 214,
    "Name": "Lisa Hanson",
    "Age": 25,
    "Phone": "605-182-1399",
    "Email": "lisahanson3271@gmail.com",
    "Practice": 4,
    "Role": "Attendant"
  },
  {
    "ID": 215,
    "Name": "Rachel Marshall",
    "Age": 33,
    "Phone": "710-279-3703",
    "Email": "rachelmarshall6249@gmail.com",
    "Practice": 1,
    "Role": "Attendant"
  },
  {
    "ID": 216,
    "Name": "Meghan Rodriguez",
    "Age": 31,
    "Phone": "698-655-6365",
    "Email": "meghanrodriguez9413@gmail.com",
    "Practice": 4,
    "Role": "Attendant"
  },
  {
    "ID": 217,
    "Name": "Louis Beck",
    "Age": 39,
    "Phone": "892-636-7255",
    "Email": "louisbeck2619@gmail.com",
    "Practice": 1,
    "Role": "Attendant"
  },
  {
    "ID": 218,
    "Name": "Victoria Hall",
    "Age": 36,
    "Phone": "817-104-5889",
    "Email": "victoriahall3627@gmail.com",
    "Practice": 3,
    "Role": "Attendant"
  },
  {
    "ID": 219,
    "Name": "John Cook",
    "Age": 22,
    "Phone": "465-098-4115",
    "Email": "johncook4911@gmail.com",
    "Practice": 3,
    "Role": "Attendant"
  },
  {
    "ID": 220,
    "Name": "Deborah Hickman",
    "Age": 27,
    "Phone": "920-873-4131",
    "Email": "deborahhickman6546@gmail.com",
    "Practice": 1,
    "Role": "Attendant"
  },
  {
    "ID": 221,
    "Name": "Timothy Wright",
    "Age": 23,
    "Phone": "451-809-1832",
    "Email": "timothywright6885@gmail.com",
    "Practice": 1,
    "Role": "Attendant"
  },
  {
    "ID": 222,
    "Name": "Beth Anderson",
    "Age": 23,
    "Phone": "177-674-4866",
    "Email": "bethanderson1011@gmail.com",
    "Practice": 2,
    "Role": "Attendant"
  },
  {
    "ID": 223,
    "Name": "Andrew Park",
    "Age": 30,
    "Phone": "807-553-9928",
    "Email": "andrewpark3633@gmail.com",
    "Practice": 2,
    "Role": "Attendant"
  },
  {
    "ID": 224,
    "Name": "Lauren Hubbard",
    "Age": 30,
    "Phone": "887-372-7811",
    "Email": "laurenhubbard8614@gmail.com",
    "Practice": 4,
    "Role": "Attendant"
  },
  {
    "ID": 225,
    "Name": "Jason Terry",
    "Age": 23,
    "Phone": "164-558-2231",
    "Email": "jasonterry5752@gmail.com",
    "Practice": 4,
    "Role": "Attendant"
  },
  {
    "ID": 226,
    "Name": "Anna Perez",
    "Age": 26,
    "Phone": "507-130-5017",
    "Email": "annaperez7918@gmail.com",
    "Practice": 3,
    "Role": "Attendant"
  },
  {
    "ID": 227,
    "Name": "Sue Mullen",
    "Age": 40,
    "Phone": "594-133-0642",
    "Email": "suemullen5643@gmail.com",
    "Practice": 3,
    "Role": "Attendant"
  },
  {
    "ID": 228,
    "Name": "Christopher Leonard",
    "Age": 27,
    "Phone": "778-549-0643",
    "Email": "christopherleonard8656@gmail.com",
    "Practice": 3,
    "Role": "Attendant"
  },
  {
    "ID": 229,
    "Name": "Jaime Patel",
    "Age": 25,
    "Phone": "316-234-6364",
    "Email": "jaimepatel1275@gmail.com",
    "Practice": 1,
    "Role": "Attendant"
  },
  {
    "ID": 230,
    "Name": "Jeffrey Roberson",
    "Age": 23,
    "Phone": "607-112-1778",
    "Email": "jeffreyroberson6819@gmail.com",
    "Practice": 3,
    "Role": "Attendant"
  },
  {
    "ID": 231,
    "Name": "Ann Chapman",
    "Age": 28,
    "Phone": "363-252-5269",
    "Email": "annchapman1177@gmail.com",
    "Practice": 5,
    "Role": "Attendant"
  },
  {
    "ID": 232,
    "Name": "Jessica Weber",
    "Age": 37,
    "Phone": "107-489-5262",
    "Email": "jessicaweber3261@gmail.com",
    "Practice": 2,
    "Role": "Attendant"
  },
  {
    "ID": 233,
    "Name": "Colin Nichols",
    "Age": 26,
    "Phone": "856-331-5531",
    "Email": "colinnichols4335@gmail.com",
    "Practice": 2,
    "Role": "Attendant"
  },
  {
    "ID": 234,
    "Name": "Jason Cook",
    "Age": 23,
    "Phone": "366-468-9423",
    "Email": "jasoncook3575@gmail.com",
    "Practice": 2,
    "Role": "Attendant"
  },
  {
    "ID": 235,
    "Name": "Anthony Davis",
    "Age": 40,
    "Phone": "348-039-3502",
    "Email": "anthonydavis5095@gmail.com",
    "Practice": 1,
    "Role": "Attendant"
  },
  {
    "ID": 236,
    "Name": "William Watts",
    "Age": 24,
    "Phone": "159-790-9619",
    "Email": "williamwatts8113@gmail.com",
    "Practice": 3,
    "Role": "Attendant"
  },
  {
    "ID": 237,
    "Name": "Martin Pope",
    "Age": 32,
    "Phone": "444-110-6050",
    "Email": "martinpope9837@gmail.com",
    "Practice": 4,
    "Role": "Attendant"
  },
  {
    "ID": 238,
    "Name": "Arthur Anderson",
    "Age": 23,
    "Phone": "962-474-7106",
    "Email": "arthuranderson8632@gmail.com",
    "Practice": 2,
    "Role": "Attendant"
  },
  {
    "ID": 239,
    "Name": "Carl Love",
    "Age": 38,
    "Phone": "625-332-7250",
    "Email": "carllove4204@gmail.com",
    "Practice": 3,
    "Role": "Attendant"
  },
  {
    "ID": 240,
    "Name": "Denise Schwartz",
    "Age": 22,
    "Phone": "512-192-8356",
    "Email": "deniseschwartz6704@gmail.com",
    "Practice": 2,
    "Role": "Attendant"
  },
  {
    "ID": 241,
    "Name": "Joshua Edwards",
    "Age": 38,
    "Phone": "332-686-3590",
    "Email": "joshuaedwards5971@gmail.com",
    "Practice": 4,
    "Role": "Attendant"
  },
  {
    "ID": 242,
    "Name": "Tyler Chang",
    "Age": 40,
    "Phone": "848-317-3516",
    "Email": "tylerchang1226@gmail.com",
    "Practice": 3,
    "Role": "Attendant"
  },
  {
    "ID": 243,
    "Name": "Susan Gallegos",
    "Age": 31,
    "Phone": "386-113-8841",
    "Email": "susangallegos1958@gmail.com",
    "Practice": 4,
    "Role": "Attendant"
  },
  {
    "ID": 244,
    "Name": "Amanda Ball",
    "Age": 37,
    "Phone": "207-662-7504",
    "Email": "amandaball9763@gmail.com",
    "Practice": 5,
    "Role": "Attendant"
  },
  {
    "ID": 245,
    "Name": "Robert Hall",
    "Age": 37,
    "Phone": "728-752-6762",
    "Email": "roberthall6766@gmail.com",
    "Practice": 4,
    "Role": "Attendant"
  },
  {
    "ID": 246,
    "Name": "Todd Mayer",
    "Age": 36,
    "Phone": "532-641-2910",
    "Email": "toddmayer1697@gmail.com",
    "Practice": 2,
    "Role": "Attendant"
  },
  {
    "ID": 247,
    "Name": "Carolyn Avila",
    "Age": 33,
    "Phone": "377-170-6796",
    "Email": "carolynavila7464@gmail.com",
    "Practice": 4,
    "Role": "Attendant"
  },
  {
    "ID": 248,
    "Name": "John Walker",
    "Age": 22,
    "Phone": "346-535-4600",
    "Email": "johnwalker2730@gmail.com",
    "Practice": 5,
    "Role": "Attendant"
  },
  {
    "ID": 249,
    "Name": "James Johnson",
    "Age": 31,
    "Phone": "139-706-6547",
    "Email": "jamesjohnson8435@gmail.com",
    "Practice": 5,
    "Role": "Attendant"
  },
  {
    "ID": 250,
    "Name": "David Mckenzie",
    "Age": 34,
    "Phone": "767-761-2921",
    "Email": "davidmckenzie1667@gmail.com",
    "Practice": 5,
    "Role": "Attendant"
  },
  {
    "ID": 251,
    "Name": "Rebecca Dean",
    "Age": 39,
    "Phone": "833-252-8126",
    "Email": "rebeccadean4758@gmail.com",
    "Practice": 5,
    "Role": "Attendant"
  },
  {
    "ID": 252,
    "Name": "Jessica Carroll",
    "Age": 20,
    "Phone": "454-588-3940",
    "Email": "jessicacarroll3761@gmail.com",
    "Practice": 1,
    "Role": "Attendant"
  },
  {
    "ID": 253,
    "Name": "Joseph Reyes",
    "Age": 36,
    "Phone": "411-297-5633",
    "Email": "josephreyes8380@gmail.com",
    "Practice": 2,
    "Role": "Attendant"
  },
  {
    "ID": 254,
    "Name": "Zachary Brown",
    "Age": 37,
    "Phone": "222-497-7294",
    "Email": "zacharybrown5308@gmail.com",
    "Practice": 1,
    "Role": "Attendant"
  },
  {
    "ID": 255,
    "Name": "Melissa Roberts",
    "Age": 33,
    "Phone": "510-733-2602",
    "Email": "melissaroberts5088@gmail.com",
    "Practice": 5,
    "Role": "Attendant"
  },
  {
    "ID": 256,
    "Name": "Scott Duncan",
    "Age": 34,
    "Phone": "994-005-0413",
    "Email": "scottduncan791@gmail.com",
    "Practice": 2,
    "Role": "Attendant"
  },
  {
    "ID": 257,
    "Name": "Lindsey Cole",
    "Age": 32,
    "Phone": "756-667-9509",
    "Email": "lindseycole4945@gmail.com",
    "Practice": 1,
    "Role": "Attendant"
  },
  {
    "ID": 258,
    "Name": "Kathleen Gomez",
    "Age": 40,
    "Phone": "576-374-7435",
    "Email": "kathleengomez4754@gmail.com",
    "Practice": 5,
    "Role": "Attendant"
  },
  {
    "ID": 259,
    "Name": "Ryan Walker",
    "Age": 40,
    "Phone": "898-821-1709",
    "Email": "ryanwalker1979@gmail.com",
    "Practice": 2,
    "Role": "Attendant"
  },
  {
    "ID": 260,
    "Name": "Michael Hester",
    "Age": 29,
    "Phone": "714-717-4270",
    "Email": "michaelhester6746@gmail.com",
    "Practice": 4,
    "Role": "Attendant"
  },
  {
    "ID": 261,
    "Name": "Sarah Hobbs",
    "Age": 25,
    "Phone": "974-420-5409",
    "Email": "sarahhobbs1352@gmail.com",
    "Practice": 1,
    "Role": "Attendant"
  },
  {
    "ID": 262,
    "Name": "Gerald Martinez",
    "Age": 34,
    "Phone": "996-032-5602",
    "Email": "geraldmartinez1050@gmail.com",
    "Practice": 4,
    "Role": "Attendant"
  },
  {
    "ID": 263,
    "Name": "Steven Ortiz",
    "Age": 23,
    "Phone": "402-832-0340",
    "Email": "stevenortiz491@gmail.com",
    "Practice": 4,
    "Role": "Attendant"
  },
  {
    "ID": 264,
    "Name": "Corey Thomas",
    "Age": 30,
    "Phone": "134-860-8927",
    "Email": "coreythomas2128@gmail.com",
    "Practice": 1,
    "Role": "Attendant"
  },
  {
    "ID": 265,
    "Name": "Tony Vazquez",
    "Age": 36,
    "Phone": "126-187-5198",
    "Email": "tonyvazquez4853@gmail.com",
    "Practice": 4,
    "Role": "Attendant"
  },
  {
    "ID": 266,
    "Name": "Brenda Weaver",
    "Age": 28,
    "Phone": "420-579-9253",
    "Email": "brendaweaver1775@gmail.com",
    "Practice": 1,
    "Role": "Attendant"
  },
  {
    "ID": 267,
    "Name": "Marcus Mcdonald",
    "Age": 37,
    "Phone": "864-085-7489",
    "Email": "marcusmcdonald7330@gmail.com",
    "Practice": 2,
    "Role": "Attendant"
  },
  {
    "ID": 268,
    "Name": "Jennifer Castillo",
    "Age": 23,
    "Phone": "953-026-9876",
    "Email": "jennifercastillo4844@gmail.com",
    "Practice": 3,
    "Role": "Attendant"
  },
  {
    "ID": 269,
    "Name": "Dustin Wilkins",
    "Age": 29,
    "Phone": "825-142-3291",
    "Email": "dustinwilkins7710@gmail.com",
    "Practice": 4,
    "Role": "Attendant"
  },
  {
    "ID": 270,
    "Name": "Vanessa Rivera",
    "Age": 39,
    "Phone": "901-436-5934",
    "Email": "vanessarivera411@gmail.com",
    "Practice": 4,
    "Role": "Attendant"
  },
  {
    "ID": 271,
    "Name": "Justin Baker",
    "Age": 22,
    "Phone": "771-205-0252",
    "Email": "justinbaker1037@gmail.com",
    "Practice": 2,
    "Role": "Attendant"
  },
  {
    "ID": 272,
    "Name": "Donald Myers",
    "Age": 23,
    "Phone": "122-454-3252",
    "Email": "donaldmyers8043@gmail.com",
    "Practice": 2,
    "Role": "Attendant"
  },
  {
    "ID": 273,
    "Name": "Kelly Miller",
    "Age": 25,
    "Phone": "266-722-8326",
    "Email": "kellymiller7185@gmail.com",
    "Practice": 2,
    "Role": "Attendant"
  },
  {
    "ID": 274,
    "Name": "Marvin Brown",
    "Age": 23,
    "Phone": "238-797-1470",
    "Email": "marvinbrown4905@gmail.com",
    "Practice": 4,
    "Role": "Attendant"
  },
  {
    "ID": 275,
    "Name": "Chris Rodriguez",
    "Age": 26,
    "Phone": "790-412-8349",
    "Email": "chrisrodriguez3100@gmail.com",
    "Practice": 4,
    "Role": "Attendant"
  },
  {
    "ID": 276,
    "Name": "Corey Colon",
    "Age": 38,
    "Phone": "840-517-1351",
    "Email": "coreycolon2392@gmail.com",
    "Practice": 4,
    "Role": "Attendant"
  },
  {
    "ID": 277,
    "Name": "Zachary Marquez",
    "Age": 36,
    "Phone": "528-136-6857",
    "Email": "zacharymarquez5461@gmail.com",
    "Practice": 5,
    "Role": "Attendant"
  },
  {
    "ID": 278,
    "Name": "Gregory Brown",
    "Age": 39,
    "Phone": "461-446-6423",
    "Email": "gregorybrown7603@gmail.com",
    "Practice": 1,
    "Role": "Attendant"
  },
  {
    "ID": 279,
    "Name": "Christina Baker",
    "Age": 44,
    "Phone": "169-564-0379",
    "Email": "christinabaker8730@gmail.com",
    "Practice": 18,
    "Role": "Other"
  },
  {
    "ID": 280,
    "Name": "Summer Smith",
    "Age": 25,
    "Phone": "161-117-0768",
    "Email": "summersmith79@gmail.com",
    "Practice": 18,
    "Role": "Other"
  },
  {
    "ID": 281,
    "Name": "Kristen Peterson",
    "Age": 35,
    "Phone": "626-752-6781",
    "Email": "kristenpeterson4653@gmail.com",
    "Practice": 11,
    "Role": "Other"
  },
  {
    "ID": 282,
    "Name": "Kenneth Berg",
    "Age": 53,
    "Phone": "922-218-5917",
    "Email": "kennethberg1994@gmail.com",
    "Practice": 7,
    "Role": "Other"
  },
  {
    "ID": 283,
    "Name": "Kathy Grant",
    "Age": 31,
    "Phone": "614-437-2867",
    "Email": "kathygrant1105@gmail.com",
    "Practice": 15,
    "Role": "Other"
  },
  {
    "ID": 284,
    "Name": "Stefanie Morgan",
    "Age": 42,
    "Phone": "985-111-7271",
    "Email": "stefaniemorgan3931@gmail.com",
    "Practice": 18,
    "Role": "Other"
  },
  {
    "ID": 285,
    "Name": "Kevin Livingston",
    "Age": 55,
    "Phone": "725-323-0429",
    "Email": "kevinlivingston7476@gmail.com",
    "Practice": 19,
    "Role": "Other"
  },
  {
    "ID": 286,
    "Name": "Gabriel Hayden",
    "Age": 29,
    "Phone": "104-210-7034",
    "Email": "gabrielhayden6587@gmail.com",
    "Practice": 16,
    "Role": "Other"
  },
  {
    "ID": 287,
    "Name": "Mathew Brown",
    "Age": 56,
    "Phone": "250-177-6013",
    "Email": "mathewbrown7116@gmail.com",
    "Practice": 18,
    "Role": "Other"
  },
  {
    "ID": 288,
    "Name": "Antonio Boyd",
    "Age": 37,
    "Phone": "802-871-0991",
    "Email": "antonioboyd4348@gmail.com",
    "Practice": 14,
    "Role": "Other"
  },
  {
    "ID": 289,
    "Name": "Janice Morris",
    "Age": 47,
    "Phone": "714-283-1758",
    "Email": "janicemorris5770@gmail.com",
    "Practice": 3,
    "Role": "Other"
  },
  {
    "ID": 290,
    "Name": "Kimberly Bailey",
    "Age": 35,
    "Phone": "713-587-7468",
    "Email": "kimberlybailey1162@gmail.com",
    "Practice": 18,
    "Role": "Other"
  },
  {
    "ID": 291,
    "Name": "Elizabeth Walsh",
    "Age": 34,
    "Phone": "214-369-5357",
    "Email": "elizabethwalsh611@gmail.com",
    "Practice": 20,
    "Role": "Other"
  },
  {
    "ID": 292,
    "Name": "Ethan Marshall",
    "Age": 35,
    "Phone": "424-816-6253",
    "Email": "ethanmarshall5687@gmail.com",
    "Practice": 16,
    "Role": "Other"
  },
  {
    "ID": 293,
    "Name": "David Collins",
    "Age": 28,
    "Phone": "661-843-9361",
    "Email": "davidcollins1214@gmail.com",
    "Practice": 16,
    "Role": "Other"
  },
  {
    "ID": 294,
    "Name": "Caitlin Becker",
    "Age": 26,
    "Phone": "467-332-2773",
    "Email": "caitlinbecker3927@gmail.com",
    "Practice": 18,
    "Role": "Other"
  },
  {
    "ID": 295,
    "Name": "Veronica Anderson",
    "Age": 43,
    "Phone": "697-311-9160",
    "Email": "veronicaanderson9326@gmail.com",
    "Practice": 20,
    "Role": "Other"
  },
  {
    "ID": 296,
    "Name": "Lori Butler",
    "Age": 39,
    "Phone": "340-057-2477",
    "Email": "loributler8805@gmail.com",
    "Practice": 11,
    "Role": "Other"
  },
  {
    "ID": 297,
    "Name": "Erin Huff",
    "Age": 40,
    "Phone": "373-762-0434",
    "Email": "erinhuff824@gmail.com",
    "Practice": 20,
    "Role": "Other"
  },
  {
    "ID": 298,
    "Name": "Sabrina Lynch",
    "Age": 55,
    "Phone": "712-487-9674",
    "Email": "sabrinalynch8397@gmail.com",
    "Practice": 15,
    "Role": "Other"
  },
  {
    "ID": 299,
    "Name": "Craig Henson",
    "Age": 57,
    "Phone": "389-812-8986",
    "Email": "craighenson907@gmail.com",
    "Practice": 12,
    "Role": "Other"
  },
  {
    "ID": 300,
    "Name": "Catherine Hernandez",
    "Age": 52,
    "Phone": "874-465-7965",
    "Email": "catherinehernandez3357@gmail.com",
    "Practice": 6,
    "Role": "Other"
  },
  {
    "ID": 301,
    "Name": "Ashley Kelly",
    "Age": 51,
    "Phone": "174-600-7839",
    "Email": "ashleykelly3579@gmail.com",
    "Practice": 4,
    "Role": "Other"
  },
  {
    "ID": 302,
    "Name": "Susan Alvarez",
    "Age": 26,
    "Phone": "239-667-9312",
    "Email": "susanalvarez7539@gmail.com",
    "Practice": 15,
    "Role": "Other"
  },
  {
    "ID": 303,
    "Name": "Stacy Snyder",
    "Age": 55,
    "Phone": "433-767-5500",
    "Email": "stacysnyder2574@gmail.com",
    "Practice": 17,
    "Role": "Other"
  },
  {
    "ID": 304,
    "Name": "Brandi Wheeler",
    "Age": 48,
    "Phone": "406-216-3254",
    "Email": "brandiwheeler5359@gmail.com",
    "Practice": 7,
    "Role": "Other"
  },
  {
    "ID": 305,
    "Name": "Mark Castillo",
    "Age": 59,
    "Phone": "999-501-7580",
    "Email": "markcastillo6476@gmail.com",
    "Practice": 6,
    "Role": "Other"
  },
  {
    "ID": 306,
    "Name": "Alan Anderson",
    "Age": 50,
    "Phone": "390-854-1548",
    "Email": "alananderson6621@gmail.com",
    "Practice": 1,
    "Role": "Other"
  },
  {
    "ID": 307,
    "Name": "Mary Smith",
    "Age": 26,
    "Phone": "833-128-5350",
    "Email": "marysmith8013@gmail.com",
    "Practice": 6,
    "Role": "Other"
  },
  {
    "ID": 308,
    "Name": "Andrew Berry",
    "Age": 33,
    "Phone": "144-598-9434",
    "Email": "andrewberry3522@gmail.com",
    "Practice": 3,
    "Role": "Other"
  },
  {
    "ID": 309,
    "Name": "Sandy Gonzalez",
    "Age": 27,
    "Phone": "169-390-4548",
    "Email": "sandygonzalez5694@gmail.com",
    "Practice": 5,
    "Role": "Other"
  },
  {
    "ID": 310,
    "Name": "Mark Newman",
    "Age": 54,
    "Phone": "805-204-0817",
    "Email": "marknewman776@gmail.com",
    "Practice": 20,
    "Role": "Other"
  },
  {
    "ID": 311,
    "Name": "Heather Perez",
    "Age": 31,
    "Phone": "129-653-9031",
    "Email": "heatherperez2970@gmail.com",
    "Practice": 12,
    "Role": "Other"
  },
  {
    "ID": 312,
    "Name": "Ann Turner",
    "Age": 28,
    "Phone": "907-588-5502",
    "Email": "annturner612@gmail.com",
    "Practice": 16,
    "Role": "Other"
  },
  {
    "ID": 313,
    "Name": "Robin Carter",
    "Age": 37,
    "Phone": "641-650-9464",
    "Email": "robincarter7403@gmail.com",
    "Practice": 16,
    "Role": "Other"
  },
  {
    "ID": 314,
    "Name": "William Martinez",
    "Age": 49,
    "Phone": "858-747-7258",
    "Email": "williammartinez4782@gmail.com",
    "Practice": 8,
    "Role": "Other"
  },
  {
    "ID": 315,
    "Name": "Danielle Brooks",
    "Age": 25,
    "Phone": "641-494-5581",
    "Email": "daniellebrooks8784@gmail.com",
    "Practice": 6,
    "Role": "Other"
  },
  {
    "ID": 316,
    "Name": "Austin Rodriguez",
    "Age": 51,
    "Phone": "391-432-4327",
    "Email": "austinrodriguez4274@gmail.com",
    "Practice": 8,
    "Role": "Other"
  },
  {
    "ID": 317,
    "Name": "John Montes",
    "Age": 43,
    "Phone": "107-739-6488",
    "Email": "johnmontes7625@gmail.com",
    "Practice": 10,
    "Role": "Other"
  },
  {
    "ID": 318,
    "Name": "Mark Wilkins",
    "Age": 38,
    "Phone": "283-825-6003",
    "Email": "markwilkins6149@gmail.com",
    "Practice": 9,
    "Role": "Other"
  },
  {
    "ID": 319,
    "Name": "Richard Wallace",
    "Age": 32,
    "Phone": "337-473-3309",
    "Email": "richardwallace432@gmail.com",
    "Practice": 9,
    "Role": "Other"
  },
  {
    "ID": 320,
    "Name": "Brian Strickland",
    "Age": 40,
    "Phone": "862-526-5343",
    "Email": "brianstrickland1554@gmail.com",
    "Practice": 11,
    "Role": "Other"
  },
  {
    "ID": 321,
    "Name": "Heather Nelson",
    "Age": 41,
    "Phone": "777-760-9526",
    "Email": "heathernelson8757@gmail.com",
    "Practice": 13,
    "Role": "Other"
  },
  {
    "ID": 322,
    "Name": "Jason Martinez",
    "Age": 38,
    "Phone": "988-402-9830",
    "Email": "jasonmartinez9560@gmail.com",
    "Practice": 6,
    "Role": "Other"
  },
  {
    "ID": 323,
    "Name": "Lisa Miller",
    "Age": 50,
    "Phone": "466-769-2029",
    "Email": "lisamiller6622@gmail.com",
    "Practice": 11,
    "Role": "Other"
  },
  {
    "ID": 324,
    "Name": "Joseph Smith",
    "Age": 45,
    "Phone": "554-260-6889",
    "Email": "josephsmith8329@gmail.com",
    "Practice": 13,
    "Role": "Other"
  },
  {
    "ID": 325,
    "Name": "Alicia Butler",
    "Age": 51,
    "Phone": "786-729-1610",
    "Email": "aliciabutler2060@gmail.com",
    "Practice": 15,
    "Role": "Other"
  },
  {
    "ID": 326,
    "Name": "Leon Wilson",
    "Age": 60,
    "Phone": "558-744-5184",
    "Email": "leonwilson1192@gmail.com",
    "Practice": 17,
    "Role": "Other"
  },
  {
    "ID": 327,
    "Name": "David Jackson",
    "Age": 37,
    "Phone": "456-456-6222",
    "Email": "davidjackson2881@gmail.com",
    "Practice": 17,
    "Role": "Other"
  },
  {
    "ID": 328,
    "Name": "Scott Berry",
    "Age": 54,
    "Phone": "789-132-6944",
    "Email": "scottberry9588@gmail.com",
    "Practice": 10,
    "Role": "Other"
  }
]