{
  "AirportData": {
    "Airports": [
      {
        "ID": 0,
        "Name": "Alan Turing Airport",
        "Code": "ALT",
        "Longitude": 112.05,
        "Latitude": -16.09,
        "AMSL": 1487.52,
        "Country": "USA"
      },
      {
        "ID": 1,
        "Name": "Ada Lovelace Airport",
        "Code": "ADA",
        "Longitude": 41.5,
        "Latitude": 52.68,
        "AMSL": 3676.04,
        "Country": "CAN"
      },
      {
        "ID": 2,
        "Name": "Carl Gauss Airport",
        "Code": "CGA",
        "Longitude": 74.77,
        "Latitude": 35.27,
        "AMSL": 2570.73,
        "Country": "GBR"
      },
      {
        "ID": 3,
        "Name": "John von Neumann Airport",
        "Code": "JVN",
        "Longitude": 113.68,
        "Latitude": -71.23,
        "AMSL": 692.68,
        "Country": "DEU"
      },
      {
        "ID": 4,
        "Name": "Grace Hopper Airport",
        "Code": "GHP",
        "Longitude": 175.55,
        "Latitude": 15.54,
        "AMSL": 473.4,
        "Country": "FRA"
      },
      {
        "ID": 5,
        "Name": "Blaise Pascal Airport",
        "Code": "PSC",
        "Longitude": 158.21,
        "Latitude": -40.94,
        "AMSL": 764.46,
        "Country": "JPN"
      },
      {
        "ID": 6,
        "Name": "Leonhard Euler Airport",
        "Code": "EUL",
        "Longitude": -118.53,
        "Latitude": 66.04,
        "AMSL": 3224.97,
        "Country": "AUS"
      },
      {
        "ID": 7,
        "Name": "George Boole Airport",
        "Code": "GBL",
        "Longitude": 123.46,
        "Latitude": 1.06,
        "AMSL": 1672.15,
        "Country": "ITA"
      },
      {
        "ID": 8,
        "Name": "Alonzo Church Airport",
        "Code": "ACH",
        "Longitude": 93.54,
        "Latitude": -53.06,
        "AMSL": 908.5,
        "Country": "BRA"
      },
      {
        "ID": 9,
        "Name": "Kurt Godel Airport",
        "Code": "KGD",
        "Longitude": 88.78,
        "Latitude": 10.66,
        "AMSL": 273.45,
        "Country": "IND"
      }
    ]
  },
  "FlightData": {
    "Flights": [
      {
        "ID": 1038,
        "IDOrigin": 2,
        "IDTarget": 5,
        "TakeoffTime": "14:06",
        "LandingTime": "21:17",
        "Longitude": 0,
        "Latitude": 0,
        "AMSL": 0,
        "IDPlane": 21,
        "IDCargos": [
          60,
          123,
          117,
          230,
          241,
          191,
          90,
          194,
          164
        ],
        "IDLoad": [
          351,
          361,
          343,
          392,
          432,
          387,
          457,
          405,
          396,
          429,
          452,
          389,
          606,
          515,
          728,
          572,
          909,
          623,
          908,
          885,
          929,
          778,
          847,
          872,
          584,
          949,
          795,
          741,
          625,
          527,
          868,
          867,
          884
        ]
      }
    ]
  },
  "PassengerData": {
    "Passengers": []
  },
  "CrewData": {
    "Crews": []
  },
  "TicketData": {
    "Cargos": []
  },
  "CargoPlaneData": {
    "CargoPlanes": [
      {
        "ID": 10,
        "Serial": "E40042\u0000\u0000\u0000\u0000",
        "Country": "USA",
        "Model": "VectorSum A330",
        "MaxLoad": 300
      }
    ]
  },
  "PassengerPlaneData": {
    "PassengerPlane": []
  }
}